idea_id,idea,category,signal_strength,signal_reasoning,candidate_kind,name,identifier,url,llm_justification,useful_y_n,notes
1,note-taking app with better offline sync,note-taking,high,"The note-taking app category is well-established with numerous existing apps and widespread discussion online, including features like offline sync.",app,Evernote - Notes Organizer,com.evernote.iPhone.Evernote,https://apps.apple.com/us/app/evernote-notes-organizer/id281796108?uo=4,"A popular note-taking app known for syncing across devices, similar to the offline sync feature proposed.",,
1,note-taking app with better offline sync,note-taking,high,"The note-taking app category is well-established with numerous existing apps and widespread discussion online, including features like offline sync.",app,Notability: AI Notes & PDF app,com.gingerlabs.Notability,https://apps.apple.com/us/app/notability-ai-notes-pdf-app/id360593530?uo=4,"Highly regarded note-taking app with a large user base, offering various organizational features.",,
1,note-taking app with better offline sync,note-taking,high,"The note-taking app category is well-established with numerous existing apps and widespread discussion online, including features like offline sync.",app,"Goodnotes: AI Notes, Docs, PDF",com.goodnotesapp.x,https://apps.apple.com/us/app/goodnotes-ai-notes-docs-pdf/id1444383602?uo=4,"Renowned for its strong digital note-taking capabilities and AI features, useful for understanding user needs.",,
1,note-taking app with better offline sync,note-taking,high,"The note-taking app category is well-established with numerous existing apps and widespread discussion online, including features like offline sync.",app,Microsoft OneNote,com.microsoft.onenote,https://apps.apple.com/us/app/microsoft-onenote/id410395246?uo=4,"A well-established app known for its productivity features and syncing, valuable for evaluating competition.",,
1,note-taking app with better offline sync,note-taking,high,"The note-taking app category is well-established with numerous existing apps and widespread discussion online, including features like offline sync.",app,Joplin,net.cozic.joplin,https://apps.apple.com/us/app/joplin/id1315599797?uo=4,"Offers end-to-end encryption and is open-source, relevant for privacy-conscious note-taking.",,
1,note-taking app with better offline sync,note-taking,high,"The note-taking app category is well-established with numerous existing apps and widespread discussion online, including features like offline sync.",video,I Tested 20 Note-Taking Apps So You Don&#39;t Have To (These are the BEST),3YyQu3c27qc,https://www.youtube.com/watch?v=3YyQu3c27qc,"Compares a wide variety of apps, providing insight into user preferences and pain points.",,
1,note-taking app with better offline sync,note-taking,high,"The note-taking app category is well-established with numerous existing apps and widespread discussion online, including features like offline sync.",video,The BEST Private Notetaking Apps Explained,BJw5tKPP1PY,https://www.youtube.com/watch?v=BJw5tKPP1PY,"Explores privacy-focused apps, aligning with the need for secure offline sync in note-taking.",,
1,note-taking app with better offline sync,note-taking,high,"The note-taking app category is well-established with numerous existing apps and widespread discussion online, including features like offline sync.",video,Stop looking for new notetaking apps. This is all you need.,mj0K_JSq4cQ,https://www.youtube.com/watch?v=mj0K_JSq4cQ,"Suggests a comprehensive solution, useful for understanding key features users seek.",,
1,note-taking app with better offline sync,note-taking,high,"The note-taking app category is well-established with numerous existing apps and widespread discussion online, including features like offline sync.",video,Best Note-Taking Apps 2026 (That Won&#39;t Disappear on You),CDs2e4zvAzE,https://www.youtube.com/watch?v=CDs2e4zvAzE,"Focuses on reliable apps, relevant for ensuring long-term user trust in offline sync features.",,
1,note-taking app with better offline sync,note-taking,high,"The note-taking app category is well-established with numerous existing apps and widespread discussion online, including features like offline sync.",video,"From the hundreds of digital notetaking apps out there, OneNote is a top contender! 4dd",f-13RkNXP2w,https://www.youtube.com/watch?v=f-13RkNXP2w,"Highlights OneNote in the broader market, valuable for benchmarking features against large players.",,
